cluster_name,TransactionAmount,CustomerAge,TransactionDuration,LoginAttempts,AccountBalance,cluster
High Activity Transactions,175.4451690821256,58.09661835748792,144.90338164251207,1.0193236714975846,9897.37347826087,2.0
Low Activity Transactions,175.39787148594377,61.630522088353416,54.433734939759034,1.0080321285140563,7923.338393574297,0.0
Potential Unusual Pattern,265.87666666666667,54.13725490196079,152.41176470588235,3.8627450980392157,8572.08156862745,3.0
Regular Transactions,172.676138996139,24.602316602316602,186.56756756756758,1.0115830115830116,1396.6458301158302,1.0
